,H1,H2,H3
0,How to Boost WordPress Performance in 2022?,Why Is WordPress Site Speed Important?,1. Choose a Reliable WordPress Host
1, 23 Tips to Speed up WordPress Site for Better Performance â€“ A Detailed Guide ,First Things First: Test the Speed of Your Website,2. Make Use of Page Caching
2,"
                            How to Speed Up Your WordPress Site (Ultimate 2022 Guide)                        ",What Causes Your WordPress Website to Lag During Loading?,3. Donâ€™t Forget About Browser Caching
3,How to Speed Up WordPress Site in 2022,10 Best Tips to Boost Your WordPress Performance in 2022,"4. Stay Up to Date with Core, Themes, Plugins"
4,25 Easy Ways to Speed Up Your WordPress Site in 2022,"Now, On to You",5. Pick a High-Quality Theme
5,10 Best Plugins To Speed Up WordPress In 2022 (Caching Plugins And More),Post navigation,6. Get Rid of Plugins You Donâ€™t Use
6,10+ Ways to Speed Up WordPress Performance,Why Should You Speed up Your WordPress Site?,7. Get Yourself a Content Delivery Network (CDN)
7,How to Speed up WordPress: In-Depth Guide,Managed WordPress Hosting Starting From $10/Month,8. Optimize All of Your Images
8,,Check Your Core Web Vitals Now!,9. Limit Posts on the Blog Feed
9,,How to Speed up WordPress Site?,10. Restrict the Number of Post Revisions
10,,Cloudways Powers RaDiance Conseil for Speed and Uptime,This website uses cookies
11,,Summary,Core Web Vitals
12,,Frequently Asked Questions,1. Ask Your Cloud Hosting Provider
13,,Thankyou for Subscribing Us!,2. Install an Effective Caching Plugin
14,,THEREâ€™S MORE TO READ.,3. Content Delivery Network Wonâ€™t Disappoint You
15,,"
How to Choose a WordPress Theme â€“ 10 Things...
",4. Look for Inactive Plugins or for Plugins that Donâ€™t Work Properly
16,,"
PHP 8: How to Update the PHP Version of...
",5. Compress Media Files
17,,"
How to Check & Upgrade to the Latest WordPress...
",6. Compress Your WordPress siteâ€™s Size
18,,WordPress Site Types: Static or Dynamic,7. Check if the Website and the Database are in the Same Data Center
19,,Choose High-Performance WordPress Hosting,8. Optimize Your WordPress siteâ€™s Homepage
20,,Choose a Server Closest to Your Visitors,9. Update Update Update
21,,Premium DNS is Better Than Free DNS,10. Disable Hotlinking
22,,Your WordPress Theme Matters,11. Minify JavaScript and CSS Files
23,,The Lowdown on WordPress Plugins,12. Use Light Weight Theme
24,,Optimal WordPress Settings,13. Control Post Revisions
25,,Why Cache Is so Important,14. Remove Useless Widgets & Social Sharing Buttons
26,,Image Optimization Is a Must,15. Reduce External Scripts & HTTP Requests
27,,Fine-Tune Your Database,16. Optimize the WordPress Database
28,,Use a Content Delivery Network (CDN),17. Reduce Calls to Database & Use Database Cache
29,,Offload Media and Email When Needed,18. Use a Better Database or Host It Separately
30,,How to Find Bottlenecks and Slow Plugins,19. Adding Google Fonts
31,,Recommendations on Back-End Optimization,20. Paginate Comments
32,,Tips on Front-End Optimization and External Services,21. Paginate Long-Form Content
33,,Always Optimize with Mobile-First in Mind,22. Lazy Load Images
34,,Summary,23. Use Third Party Platforms for Visual Content
35,,"
                        Get this article as a PDF                    ",Q: How Do I Check my WordPress Website Speed?
36,,"
                Hand-picked related articles            ",Q: Why is WordPress Site So Slow?
37,,"

            Definitive WooCommerce Guide to Boost Ecommerce Sales        
",Share This Article
38,,"

            What is HTTP/2 â€“ The Ultimate Guide        
","
                     Get Our Newsletter Be the first to get the latest updates and tutorials.
"
39,,"

            A Beginnerâ€™s Guide to Website Speed Optimization        
",Webinar: How to Get 100% Scores on Core Web Vitals
40,,"
            Sign Up For the Newsletter        ",
41,,Increase WordPress Site Performance Speed,Table of Contents
42,,The Significance of Website Speed,Mostly Static Sites
43,,,Highly Dynamic Sites
44,,How Are Web Pages Loaded?,1. Shared WordPress Hosting
45,,Factors That Slow Down Your Site,2. DIY VPS WordPress Hosting
46,,Website Speed Testing Tools & Other Resources,3. Managed WordPress Hosting
47,,Tools to Test Mobile Speed and Website Functionalities,Kinsta Takes a Different Approach
48,,Website Speed Metrics: What Are Some of the Speed Measurement Factors?,PHP 7 or Higher for the Best Performance
49,,Answers to: How to Speed Up WordPress?,Pick a Host That Uses Nginx
50,,18 Ways to Speed Up Your WordPress Site,Your Hostâ€™s Network Matters
51,,Top 6 Caching Plugins on WordPress,HTTP/2 is a Must-Have
52,,Top 5 AMP Plugins For WordPress,Tip 1 â€“ Check the Geolocation of Your Visitors in Google Analytics
53,,Which AMP Plugin Should I Choose?,Tip 2 â€“ Check Ecommerce Data
54,,Sources,Tip 3 â€“ Do a Quick Latency Test
55,,Newsletter,Additional Ways to Reduce Latency and TTFB
56,,Why should you speed up WordPress?,SFTP Speeds and WordPress Admin Dashboard
57,,How to Speed Up Your WordPress Site,GeneratePress
58,,No time to waste!,OceanWP
59,,Don't forget to share this post!,Astra
60,,Related Articles,Warning About Page Builders
61,,The best WordPress speed optimization plugins,One Big Issue with WordPress Plugins
62,,Bonus: 5Â top tools to test the speed of your website,Why Do Developers Do This?
63,,Choosing the best WordPress performance plugin,Change Your WordPress Login URL
64,,Why should you speed up WordPress?,Disable or Tweak Plugin and Theme Updates
65,,How to test the loading time of your website?,Disable Pingbacks
66,,Here are the 11 ways to speed up WordPress sites:,Limit Posts on Your Blog Feed
67,,Conclusion,What is Caching?
68,,blog,Types of Caching
69,,"Why Is Your WordPress Site Slow?
",No Caching vs Caching
70,,"Why Is WordPress Site Speed Important?
",Issues with Caching and Membership Sites
71,,"How To Measure WordPress Site Speed
",Object Caching for Highly Dynamic Sites
72,,"How To Optimize WordPress Site Speed
",Analyzing Cache
73,,"Balance Great Site Speed With Great Site Design
",Finding the Balance (File Size and Quality)
74,,Start Your Cloud Website,Compression Quality vs. Size
75,,The Future of Web Creation Inside Your Inbox,Lossy vs. Lossless Optimization
76,,,Image Compression Plugins
77,,,Lazy Loading
78,,,Additional Image Optimization Tips
79,,,Use the InnoDB MySQL Storage Engine
80,,,Delete and Limit Page and Post Revisions
81,,,Clean up Your wp_options Table and Autoloaded Data
82,,,Clean up Transients
83,,,Clean up WordPress Sessions
84,,,Add an Index to Autoload
85,,,Use Redis as a Persistent Object Cache for WordPress
86,,,Use Elasticsearch to Speed Up WordPress Search
87,,,Disable Non-Critical Features That Are Database-Intensive
88,,,How a CDN Works
89,,,Types of CDNs
90,,,CDN Speed Tests
91,,,How to Enable a CDN
92,,,How to Enable the Kinsta CDN
93,,,Additional CDN Optimizations
94,,,Offload Media to Amazon S3
95,,,Offload Media to Google Cloud Storage
96,,,Offload Transactional and Marketing Emails
97,,,Use New Relic to Identity Slow Plugins and Database Queries
98,,,Use the Free Query Monitor Plugin
99,,,UtilizeÂ Staging Sites Without Touching Production
100,,,Check Your Error Logs
101,,,Use MyKinsta Analytics
102,,,Your Site Might Be Hacked
103,,,Troubleshooting with Error Codes (HTTP Status Codes)
104,,,Â Create a Light 404 Page
105,,,Increase PHP Workers
106,,,Utilize GZIP Compression
107,,,Enable Hotlink Protection
108,,,Minimize Redirects and Add Them at the Server-Level
109,,,Donâ€™t Let Cron Jobs Get Out of Control
110,,,Add Cache-Control and Expires Headers (Determine Cache Length)
111,,,Add Last-Modified and ETag Headers (Validate Cache)
112,,,Add a Vary: Accept-Encoding Header
113,,,Changing the WordPress Memory Limit in wp-config.php
114,,,Speed Test Your WordPress Site to Get a Baseline
115,,,Remove Query Strings
116,,,Eliminate Render-Blocking JavaScript and CSS
117,,,Combine External CSS and JavaScript in WordPress
118,,,"Use Minification on HTML, CSS, and JavaScript"
119,,,Use Cookie-Free Domains
120,,,Disable Embeds in WordPress
121,,,Disable Emojis in WordPress
122,,,How to Speed Up WordPress Comments or Disable Them
123,,,Disable WordPress RSS Feeds
124,,,Use Prefetch and Preconnect
125,,,Disable Scripts on a Per Page/Post Basis
126,,,Analyzing Third-Party Performance
127,,,Check Out Your Mobile Traffic
128,,,Make Sure Your Site is Responsive
129,,,Double Check to Make Sure srcset is Working
130,,,Google AMP Might Be a Solution For You
131,,,"
                            Comments                        "
132,,,Leave a Reply Cancel reply
133,,,Subscribe to our Newsletter
134,,,Kinsta Hosting
135,,,Platform
136,,,Resources
137,,,Company
138,,,Compare Kinsta
139,,,Chrome User Experience Report
140,,,"Lighthouse
"
141,,,"Page Speed Insight
"
142,,,Website Speed Test by Sitechecker
143,,,â€“ What is First Paint?
144,,,â€“ What is First Contentful Paint?
145,,,â€“ What is First Meaningful Paint?
146,,,â€“ What is Time to Interactive?
147,,,â€“ DOM Content Loaded
148,,,ðŸš€ We Will Speed Up Your WordPress Site
149,,,HTTP/2
150,,,Preconnect
151,,,"Enable Caching & Using Content Delivery Network
"
152,,,Image Compression
153,,,Optimizing JavaScript Codes
154,,,
155,,,1. Test Your Website Speed
156,,,2. Optimize Your Websiteâ€™s Images
157,,,3. Choose the Right Image Resolution
158,,,4. Sources for Downloading Suitable Images
159,,,5. Choose the Right Image Format
160,,,6. Install the Lazy Loading Plugin to Upload Images
161,,,"7. Remove Unnecessary Slides, Videos & Images"
162,,,8. Only Use Essential Plugins
163,,,9. Check Your Plugins & Make Sure They Work
164,,,10. Remove Unnecessary Widgets
165,,,11. Pay Attention to How Fast Google Ads Load
166,,,12. Reduce the Number of Redirects
167,,,13. Update Your Web Hosting Service Provider
168,,,14. Make Sure Your Host Provider Offers Support
169,,,15. Use a High Quality DNS Provider
170,,,16. Make Sure to Use Content Delivery Networks
171,,,17. Enable Caching
172,,,
173,,,18. Improving Website Speed on Mobile View
174,,,What is Cache?
175,,,Why Is Caching So Important?
176,,,What is AMP and is It Necessary to Use It?
177,,,Why is It Necessary to Install an AMP Plugin?
178,,,Recommended Posts
179,,,Grow Your Business With HubSpot's Tools for WordPress Websites
180,,,1. Run performance tests.
181,,,2. Choose a reliable hosting provider.
182,,,3. Update everything.
183,,,4. Use the latest version of PHP.
184,,,5. Delete unused plugins.
185,,,6. Install high-quality plugins only.
186,,,7. Use a lightweight theme.
187,,,8. Optimize images.
188,,,9. Try lazy loading your content.
189,,,10. Donâ€™t host videos on your server.
190,,,11. Reduce CSS and JavaScript file sizes.
191,,,12. Install a WordPress caching plugin.
192,,,13. Simplify your page designs and content.
193,,,14. Tidy up your WordPress database.
194,,,15. Limit or disable post revisions.
195,,,16. Avoid redirects.
196,,,17. Turn off pingbacks and trackbacks.
197,,,18. Use a CDN.
198,,,19. Compress files with GZIP.
199,,,20. Limit external scripts.
200,,,21. Donâ€™t fall victim to hotlinking.
201,,,22. Schedule tasks for low-traffic periods.
202,,,23. Split long posts into multiple parts.
203,,,24. Paginate posts.
204,,,25. Paginate comments.
205,,,"
                    A Step-by-Step Guide to Creating a Blog on WordPress
                  "
206,,,"
                    10 Best WordPress Enterprise Hosting Providers in 2022
                  "
207,,,"
                    Adding JavaScript to WordPress Tutorial (With or Without a Plugin)
                  "
208,,,"
                    How to Fix WordPress Emails Not Sending in 2022
                  "
209,,,"
                    What Is a WordPress Pingback? [+ How to Disable Them]
                  "
210,,,"
                    How to Customize Your WordPress Login Page Using Plugins
                  "
211,,,"
                    A Beginner's Guide to the WordPress REST API
                  "
212,,,"
                    The WordPress Navigation Menu: What It Is (& How It Works)
                  "
213,,,"
                    WordPress Developer Salary: Are You Getting Paid Fairly?
                  "
214,,,"
                    WordPress Slugs: What They Are & How to Change Them
                  "
215,,,"
                    A Step-by-Step Guide to Creating a Blog on WordPress
                  "
216,,,"
                    10 Best WordPress Enterprise Hosting Providers in 2022
                  "
217,,,"
                    Adding JavaScript to WordPress Tutorial (With or Without a Plugin)
                  "
218,,,"
                    How to Fix WordPress Emails Not Sending in 2022
                  "
219,,,"
                    What Is a WordPress Pingback? [+ How to Disable Them]
                  "
220,,,"
                    How to Customize Your WordPress Login Page Using Plugins
                  "
221,,,"
                    A Beginner's Guide to the WordPress REST API
                  "
222,,,"
                    The WordPress Navigation Menu: What It Is (& How It Works)
                  "
223,,,"
                    WordPress Developer Salary: Are You Getting Paid Fairly?
                  "
224,,,"
                    WordPress Slugs: What They Are & How to Change Them
                  "
225,,,1. WP Rocket
226,,,2. Perfmatters
227,,,3. NitroPack
228,,,4. WP Fastest Cache
229,,,5. Cache Enabler
230,,,6. WP Super Cache
231,,,7. W3 Total Cache
232,,,8. WP Super Minify
233,,,9. Smush
234,,,10. LazyLoad by WP Rocket
235,,,1. Choose a better web hosting provider
236,,,2. Use a lightweight WordPress theme / framework
237,,,3. Reduce image sizes
238,,,4. Minify JS and CSS files
239,,,5. Use advanced caching mechanisms with a caching plugin
240,,,6. Use a CDN
241,,,7. Enable GZIP compression
242,,,8. Cleanup WordPress database
243,,,9. Deactivate or uninstall plugins
244,,,10. Keep external scripts to a minimum
245,,,11. Disable pingbacks and trackbacks
246,,,Related Articles
247,,,Table of Contents
248,,,"What Do the Test Results Mean? What About ""Scores""?
"
249,,,"What's a Good Website Load Time?
"
250,,,"1. Use Fast WordPress Hosting
"
251,,,"2. Use Page Caching
"
252,,,"3. Use a Content Delivery Network (CDN)
"
253,,,4. Optimize Your Images
254,,,"5. Optimize CSS
"
255,,,"6. Optimize JavaScript
"
256,,,"7. Use a Fast Theme
"
257,,,"8. Use Fast Plugins and Limit Plugin Usage
"
258,,,"9. Optimize Your Database
"
259,,,"10. Limit or Disable Revisions
"
260,,,"11. Optimize Your Comments
"
261,,,"12. Offload Media Files
"
262,,,"13. Use Gzip Compression
"
263,,,"14. Use Browser Caching (Cache-Control and Expires Headers)
"
264,,,"15. Use Preconnect and Prefetch for Important Resources
"
265,,,"16. Manage Your Scripts To Avoid Sitewide Loading
"
266,,,"17. Beware Autoloaded Data From Plugins
"
267,,,18. Limit Third-Party Script Usage
268,,,19. Use a Speed Enhancing Plugin
269,,,"

				The Hidden Costs of Website Hosting			
"
270,,,"

				What Is Google Cloud Hosting for WordPress?			
"
271,,,Subscribe to our newsletter
