H1,H2,H3
"
        SQL Interview Questions
          Last updated on Sep 25, 2022
","
          Welcome to Interviewbit, help us create the best experience for you!
        ",
50 SQL Interview Questions and Answers for 2022,"
    Few details about your education
  ",
Top 115 SQL Interview Questions You Must Prepare In 2022,"
    Few details about your education
  ",
SQL Interview Questions and Answers,"
          Few details about your career...
        ",
41 Essential SQL Interview Questions *,"
          You're all set!
        ",
Top 180+ SQL Interview Questions and Answers in 2023,"
          Begin your success journey!
        ",
Top 72 SQL Interview Questions and Answers of 2022,"
          Welcome back!
        ",
Top 90 SQL Interview Questions and Answers (LATEST),SQL Interview Questions,
SQL Interview Questions,PostgreSQL Interview Questions,
SQL Interview Questions,SQL MCQ,
,Post navigation,
,SQL Interview Questions,
,Top 10 Technologies to Learn in 2022 | Edureka,
,SQL Essentials Training & Certification,
,MySQL DBA Certification Training,
,MongoDB Certification Training Course,
,Apache Cassandra Certification  Training,
,Teradata Certification Training,
,Mastering Neo4j Graph Database Certification  ...,
,All Interview,
,Company Interview,
,Technical Interview,
,Web Interview,
,PHP Interview,
,.Net Interview,
,Java Interview,
,Database Interview,
,Advanced SQL MCQ Questions and Answers,
,You may also like:,
,Learn Latest Tutorials,
,Preparation,
,Trending Technologies,
,B.Tech / MCA,
,Javatpoint Services,
,Training For College Campus,
,"Toptal sourced essential questions that the best SQL developers and engineers can answer. Driven from our community, we encourage experts to submit questions and offer feedback.",
,Interview Questions,
,Why Toptal,
,Submit an interview question,
,Looking for SQL Developers?,
,Footer,
,Basic SQL Interview Questions ,
,SQL Interview Questions for Experienced,
,SQL Interview Questions for Developers,
,SQL Joins Interview Questions,
,Advanced SQL Interview Questions,
,SQL Server Interview Questions,
,PostgreSQL Interview Questions,
,SQL Practice Questions ,
,PART 1,
,PART 2,
,Part 3,
,PART 4,
,Frequently Asked Questions in SQL,
,To Conclude,
,Table of contents,
,Crack dream jobs with FREE certificate courses on India's most trusted education platform,
,Top SQL Interview Questions,
,Basic SQL Interview Questions,
,Intermediate SQL Interview Questions,
,Advanced SQL Interview Questions,
,Related Articles,
,Start Your Coding Journey Now!,
,Top 10 Frequently Asked SQL Interview Questions,
, ,
,Top SQL Interview Questions - Beginners,
, Advanced SQL Interview Questions & Answers,
